claim_id,claim_date,plan_name,target_type,breed,age,disease_category,treatment_type,claim_method,medical_fee_yen,payout_yen,customer_voice
CLM-2026-001,2026-02-06,あんしんプラン 70%,猫,ラグドール,2,膀胱炎,通院,WEB請求,14100,9870,スマホから手軽に請求できるのが便利ですが傷病名の選択肢が少しわかりにくかったです
CLM-2026-002,2026-03-26,あんしんプラン 70%,犬,混血犬(体重10kg未満),8,腫瘍,手術,郵送請求,327500,229250,郵送での申請を行いました。必要書類のチェックリストが同封されていて迷わず記入できました
CLM-2026-003,2026-02-09,あんしんプラン 70%,猫,ベンガル,12,腫瘍,通院,WEB請求,12400,8680,WEB請求の手続きは簡単でした。審査完了時のプッシュ通知機能があるとさらに安心です
CLM-2026-004,2026-02-06,あんしんプラン 50%,犬,チワワ,2,異物誤飲,通院,WEB請求,6600,3300,WEB請求フォームが使いやすかったです。専門的な病名の検索機能がもっと使いやすいと助かります
CLM-2026-005,2026-01-14,あんしんプラン 50%,猫,ベンガル,3,異物誤飲,入院,窓口精算,41500,20750,窓口で保険証を見せるだけで完了し後日の請求手続きが不要でとても楽でした
CLM-2026-006,2026-01-04,あんしんプラン キュート,文鳥,桜文鳥,2,骨折,入院,窓口精算,42300,29610,窓口精算のおかげで高額な医療費でも手元の現金を気にせず受診できました
CLM-2026-007,2026-02-04,あんしんプラン 50%,犬,ポメラニアン,4,異物誤飲,入院,窓口精算,72200,36100,動物病院の窓口精算に対応していて立て替えの手間がなく本当に助かりました
CLM-2026-008,2026-02-20,あんしんプラン 70%,犬,ポメラニアン,4,外耳炎,通院,窓口精算,15300,10710,診察後に保険証を出すだけで清算完了しペットを待たせる時間が減ってありがたいです
CLM-2026-009,2026-02-20,あんしんプラン キュート,うさぎ,ネザーランド・ドワーフ,3,うっ滞,通院,窓口精算,16800,11760,窓口精算のおかげで高額な医療費でも手元の現金を気にせず受診できました
CLM-2026-010,2026-02-22,あんしんプラン 50%,猫,ベンガル,7,腎臓病,通院,郵送請求,17800,8900,WEBが苦手で郵送請求にしましたが書類到着後の審査状況がスマホで分かると安心です
CLM-2026-011,2026-03-09,あんしんプラン 50%,犬,柴犬,7,外耳炎,通院,WEB請求,14100,7050,領収書撮影で手軽に請求できました。次回は窓口精算対応病院も探してみたいと思います
CLM-2026-012,2026-01-24,あんしんプラン 50%,猫,ラグドール,2,異物誤飲,通院,WEB請求,5600,2800,WEBから数分で請求完了しました。病院名や傷病名のオートコンプリートがあると入力が楽になります
CLM-2026-013,2026-02-23,あんしんプラン ライト,犬,ミニチュア・ダックスフンド,6,椎間板ヘルニア,手術,WEB請求,170100,126090,夜間でもスマホからWEB申請できて助かりました。補償対象かどうかの事前シミュレーションが欲しいです
CLM-2026-014,2026-02-25,あんしんプラン 50%,猫,混血猫,8,腎臓病,通院,窓口精算,19900,9950,急な受診でしたが窓口精算が使えて現金の持ち合わせが少なくても安心できました
CLM-2026-015,2026-01-18,あんしんプラン 70%,猫,ノルウェージャン・フォレスト・キャット,4,下痢,通院,窓口精算,19300,13510,窓口精算対応の動物病院が近所にあって本当に便利でした。対応病院がさらに増えると嬉しいです
CLM-2026-016,2026-01-24,あんしんプラン 70%,犬,マルチーズ,0,下痢,通院,窓口精算,8100,5670,動物病院の窓口精算に対応していて立て替えの手間がなく本当に助かりました
CLM-2026-017,2026-01-02,あんしんプラン 50%,犬,マルチーズ,3,皮膚炎,通院,窓口精算,12700,6350,かかりつけ医が窓口精算対応だったので会計の待ち時間も短縮されて大満足です
CLM-2026-018,2026-01-14,あんしんプラン 70%,猫,ベンガル,14,腎臓病,入院,WEB請求,76400,53480,WEB請求の手続きは簡単でした。審査完了時のプッシュ通知機能があるとさらに安心です
CLM-2026-019,2026-02-13,あんしんプラン 70%,犬,トイ・プードル,11,歯周病,通院,窓口精算,15700,10990,急な受診でしたが窓口精算が使えて現金の持ち合わせが少なくても安心できました
CLM-2026-020,2026-03-08,あんしんプラン 70%,犬,ミニチュア・ダックスフンド,4,皮膚炎,通院,WEB請求,18800,13160,WEB請求で申請から着金までが早く助かりました。対象外項目の事前確認がもっと簡単だと嬉しいです
CLM-2026-021,2026-01-22,あんしんプラン 50%,猫,混血猫,6,歯周病,手術,窓口精算,224400,112200,高額な手術や入院でも窓口精算で自己負担分だけで済んだので心理的負担が軽くなりました
CLM-2026-022,2026-01-08,あんしんプラン 70%,犬,フレンチ・ブルドッグ,3,下痢,通院,窓口精算,12000,8400,病院の窓口で保険証を提示するだけで自己負担分のみの精算となり非常にスムーズでした
CLM-2026-023,2026-03-16,あんしんプラン 50%,猫,スコティッシュ・フォールド,0,下痢,通院,窓口精算,13000,6500,急な受診でしたが窓口精算が使えて現金の持ち合わせが少なくても安心できました
CLM-2026-024,2026-01-21,あんしんプラン 70%,犬,シー・ズー,8,皮膚炎,入院,窓口精算,58300,40810,窓口でスピーディーに精算できスタッフの対応も良かったです。これからも継続利用します
CLM-2026-025,2026-03-02,あんしんプラン 50%,犬,ミニチュア・ダックスフンド,1,異物誤飲,通院,窓口精算,13700,6850,診察後に保険証を出すだけで清算完了しペットを待たせる時間が減ってありがたいです
CLM-2026-026,2026-03-17,あんしんプラン ライト,犬,フレンチ・ブルドッグ,2,骨折,手術,郵送請求,124600,85140,郵送請求の進捗確認を電話以外でもWEBやLINEで確認できるようになると助かります
CLM-2026-027,2026-03-08,あんしんプラン ライト,猫,スコティッシュ・フォールド,10,腫瘍,手術,WEB請求,210800,162720,WEBからの申請画面が分かりやすく迷わず完了しました。マイページで履歴が見やすいのも便利です
CLM-2026-028,2026-03-17,あんしんプラン 50%,犬,フレンチ・ブルドッグ,8,腫瘍,手術,窓口精算,267400,133700,かかりつけ医が窓口精算対応だったので会計の待ち時間も短縮されて大満足です
CLM-2026-029,2026-01-18,あんしんプラン キュート,セキセイインコ,セキセイインコ,1,そのう炎,通院,窓口精算,13700,9590,窓口で保険証を見せるだけで完了し後日の請求手続きが不要でとても楽でした
CLM-2026-030,2026-01-12,あんしんプラン キュート,ハリネズミ,ヨツユビハリネズミ,2,皮膚炎,通院,窓口精算,16700,11690,窓口精算対応の動物病院が近所にあって本当に便利でした。対応病院がさらに増えると嬉しいです
CLM-2026-031,2026-03-15,あんしんプラン 50%,犬,ミニチュア・ダックスフンド,9,腫瘍,手術,窓口精算,196900,98450,いつも窓口精算を利用しています。対応動物病院が全国もっと増えるとさらに便利になります
CLM-2026-032,2026-01-21,あんしんプラン ライト,猫,マンチカン,7,腫瘍,手術,窓口精算,122100,82890,急な受診でしたが窓口精算が使えて現金の持ち合わせが少なくても安心できました
CLM-2026-033,2026-02-27,あんしんプラン 70%,犬,シー・ズー,7,腫瘍,手術,WEB請求,190600,133420,スマートフォンで手軽に請求できましたが明細の項目入力が少し細かくて迷いました
CLM-2026-034,2026-01-10,あんしんプラン 50%,犬,チワワ,4,皮膚炎,通院,窓口精算,8500,4250,窓口精算対応の動物病院が近所にあって本当に便利でした。対応病院がさらに増えると嬉しいです
CLM-2026-035,2026-03-24,あんしんプラン 70%,猫,マンチカン,10,腎臓病,通院,窓口精算,18600,13020,動物病院の窓口精算に対応していて立て替えの手間がなく本当に助かりました
CLM-2026-036,2026-01-28,あんしんプラン 50%,犬,フレンチ・ブルドッグ,12,腫瘍,通院,窓口精算,19600,9800,高額な手術や入院でも窓口精算で自己負担分だけで済んだので心理的負担が軽くなりました
CLM-2026-037,2026-01-13,あんしんプラン 70%,犬,マルチーズ,2,外耳炎,通院,郵送請求,18000,12600,書類の記入項目が多くて少し戸惑いました。もう少し簡素化されると助かります
CLM-2026-038,2026-01-03,あんしんプラン 50%,犬,シー・ズー,5,外耳炎,通院,WEB請求,13500,6750,WEB請求で申請から着金までが早く助かりました。対象外項目の事前確認がもっと簡単だと嬉しいです
CLM-2026-039,2026-03-09,あんしんプラン 70%,犬,ヨークシャー・テリア,10,腫瘍,入院,窓口精算,59400,41580,窓口で保険証を見せるだけで完了し後日の請求手続きが不要でとても楽でした
CLM-2026-040,2026-01-10,あんしんプラン 50%,犬,ゴールデン・レトリバー,0,異物誤飲,通院,WEB請求,14100,7050,WEB請求フォームが使いやすかったです。専門的な病名の検索機能がもっと使いやすいと助かります
CLM-2026-041,2026-01-13,あんしんプラン 70%,猫,ベンガル,11,腫瘍,入院,窓口精算,89100,62370,窓口精算のおかげで高額な医療費でも手元の現金を気にせず受診できました
CLM-2026-042,2026-02-12,あんしんプラン ライト,猫,アメリカン・ショートヘア,9,腫瘍,手術,窓口精算,331400,271260,いつも窓口精算を利用しています。対応動物病院が全国もっと増えるとさらに便利になります
CLM-2026-043,2026-01-06,あんしんプラン 70%,犬,ポメラニアン,11,腫瘍,入院,窓口精算,56700,39690,窓口精算対応の動物病院が近所にあって本当に便利でした。対応病院がさらに増えると嬉しいです
CLM-2026-044,2026-01-04,あんしんプラン 70%,犬,混血犬(体重10kg未満),1,下痢,通院,窓口精算,14500,10150,いつも窓口精算を利用しています。対応動物病院が全国もっと増えるとさらに便利になります
CLM-2026-045,2026-01-12,あんしんプラン 70%,猫,ノルウェージャン・フォレスト・キャット,4,膀胱炎,通院,WEB請求,18600,13020,WEB請求フォームが使いやすかったです。専門的な病名の検索機能がもっと使いやすいと助かります
CLM-2026-046,2026-01-20,あんしんプラン 70%,猫,混血猫,11,腎臓病,通院,窓口精算,8200,5740,窓口でスピーディーに精算できスタッフの対応も良かったです。これからも継続利用します
CLM-2026-047,2026-01-11,あんしんプラン 70%,犬,チワワ,3,異物誤飲,入院,窓口精算,47400,33180,窓口精算がとてもスムーズでペットの体調が悪い時に余計な手続きがなく助かりました
CLM-2026-048,2026-02-09,あんしんプラン 50%,猫,ノルウェージャン・フォレスト・キャット,2,異物誤飲,入院,窓口精算,52000,26000,窓口でスピーディーに精算できスタッフの対応も良かったです。これからも継続利用します
CLM-2026-049,2026-02-16,あんしんプラン 70%,犬,マルチーズ,6,皮膚炎,通院,郵送請求,19200,13440,郵送請求でも迅速に支払い処理をしていただけました。封筒の準備が不要になると嬉しいです
CLM-2026-050,2026-03-08,あんしんプラン 50%,犬,チワワ,5,異物誤飲,入院,窓口精算,75300,37650,窓口精算対応の動物病院が近所にあって本当に便利でした。対応病院がさらに増えると嬉しいです
CLM-2026-051,2026-01-03,あんしんプラン 50%,猫,アメリカン・ショートヘア,3,膀胱炎,通院,WEB請求,12900,6450,スマホから手軽に請求できるのが便利ですが傷病名の選択肢が少しわかりにくかったです
CLM-2026-052,2026-02-25,あんしんプラン 70%,猫,マンチカン,8,歯周病,通院,WEB請求,9300,6510,領収書のアップロードが手軽で助かります。対象外項目の注記がもっと分かりやすいと親切です
CLM-2026-053,2026-02-14,あんしんプラン 50%,犬,ポメラニアン,3,外耳炎,通院,窓口精算,13200,6600,いつも窓口精算を利用しています。対応動物病院が全国もっと増えるとさらに便利になります
CLM-2026-054,2026-03-22,あんしんプラン 50%,犬,トイ・プードル,1,異物誤飲,通院,WEB請求,13000,6500,WEBからの申請画面が分かりやすく迷わず完了しました。マイページで履歴が見やすいのも便利です
CLM-2026-055,2026-01-07,あんしんプラン ライト,猫,ベンガル,8,腫瘍,手術,窓口精算,262700,209430,窓口精算がとてもスムーズでペットの体調が悪い時に余計な手続きがなく助かりました
CLM-2026-056,2026-02-14,あんしんプラン ライト,犬,ポメラニアン,9,歯周病,手術,郵送請求,300900,243810,書類の記入項目が多くて少し戸惑いました。もう少し簡素化されると助かります
CLM-2026-057,2026-03-19,あんしんプラン 50%,犬,マルチーズ,2,皮膚炎,通院,郵送請求,11800,5900,郵送での申請を行いました。必要書類のチェックリストが同封されていて迷わず記入できました
CLM-2026-058,2026-02-27,あんしんプラン キュート,うさぎ,ネザーランド・ドワーフ,2,不正咬合,通院,WEB請求,13100,9170,スマホから手軽に請求できるのが便利ですが傷病名の選択肢が少しわかりにくかったです
CLM-2026-059,2026-02-27,あんしんプラン 50%,犬,ゴールデン・レトリバー,5,皮膚炎,通院,WEB請求,8700,4350,WEBからの申請画面が分かりやすく迷わず完了しました。マイページで履歴が見やすいのも便利です
CLM-2026-060,2026-03-21,あんしんプラン 70%,犬,シー・ズー,0,異物誤飲,通院,郵送請求,13400,9380,書類を印刷して郵送するのが少し大変だったので次回はWEB請求に挑戦してみたいです
CLM-2026-061,2026-01-18,あんしんプラン 50%,猫,ラグドール,13,腎臓病,入院,窓口精算,70000,35000,動物病院の窓口精算に対応していて立て替えの手間がなく本当に助かりました
CLM-2026-062,2026-03-15,あんしんプラン 50%,犬,フレンチ・ブルドッグ,1,骨折,手術,WEB請求,283600,141800,領収書のアップロードが手軽で助かります。対象外項目の注記がもっと分かりやすいと親切です
CLM-2026-063,2026-01-18,あんしんプラン 50%,犬,チワワ,4,下痢,通院,WEB請求,15400,7700,WEBから数分で請求完了しました。病院名や傷病名のオートコンプリートがあると入力が楽になります
CLM-2026-064,2026-02-04,あんしんプラン 50%,犬,ヨークシャー・テリア,7,皮膚炎,通院,窓口精算,18900,9450,診察後に保険証を出すだけで清算完了しペットを待たせる時間が減ってありがたいです
CLM-2026-065,2026-03-07,あんしんプラン 50%,猫,アメリカン・ショートヘア,9,腎臓病,通院,窓口精算,13400,6700,急な受診でしたが窓口精算が使えて現金の持ち合わせが少なくても安心できました
CLM-2026-066,2026-01-13,あんしんプラン 70%,犬,チワワ,1,皮膚炎,通院,窓口精算,5200,3640,高額な手術や入院でも窓口精算で自己負担分だけで済んだので心理的負担が軽くなりました
CLM-2026-067,2026-02-18,あんしんプラン 50%,犬,ゴールデン・レトリバー,7,皮膚炎,通院,窓口精算,8300,4150,高額な手術や入院でも窓口精算で自己負担分だけで済んだので心理的負担が軽くなりました
CLM-2026-068,2026-02-19,あんしんプラン 50%,犬,フレンチ・ブルドッグ,2,皮膚炎,通院,郵送請求,17300,8650,書類の記入項目が多くて少し戸惑いました。もう少し簡素化されると助かります
CLM-2026-069,2026-02-01,あんしんプラン 70%,猫,ノルウェージャン・フォレスト・キャット,1,異物誤飲,通院,窓口精算,8000,5600,病院の窓口で保険証を提示するだけで自己負担分のみの精算となり非常にスムーズでした
CLM-2026-070,2026-03-28,あんしんプラン 50%,犬,ゴールデン・レトリバー,2,異物誤飲,通院,WEB請求,5400,2700,WEB請求フォームが使いやすかったです。専門的な病名の検索機能がもっと使いやすいと助かります
CLM-2026-071,2026-01-26,あんしんプラン 50%,犬,シー・ズー,4,骨折,入院,窓口精算,77800,38900,窓口精算がとてもスムーズでペットの体調が悪い時に余計な手続きがなく助かりました
CLM-2026-072,2026-01-18,あんしんプラン 70%,犬,トイ・プードル,6,異物誤飲,手術,窓口精算,340700,238490,高額な手術や入院でも窓口精算で自己負担分だけで済んだので心理的負担が軽くなりました
CLM-2026-073,2026-01-04,あんしんプラン 50%,猫,混血猫,4,歯周病,手術,WEB請求,209800,104900,WEB請求で申請から着金までが早く助かりました。対象外項目の事前確認がもっと簡単だと嬉しいです
CLM-2026-074,2026-02-07,あんしんプラン 70%,犬,ゴールデン・レトリバー,7,歯周病,手術,窓口精算,246700,172690,窓口でスピーディーに精算できスタッフの対応も良かったです。これからも継続利用します
CLM-2026-075,2026-01-19,あんしんプラン 70%,猫,ベンガル,3,尿石症,手術,窓口精算,164200,114940,急な受診でしたが窓口精算が使えて現金の持ち合わせが少なくても安心できました
CLM-2026-076,2026-01-09,あんしんプラン 70%,犬,ヨークシャー・テリア,0,下痢,通院,窓口精算,9700,6790,急な受診でしたが窓口精算が使えて現金の持ち合わせが少なくても安心できました
CLM-2026-077,2026-03-24,あんしんプラン 70%,犬,ゴールデン・レトリバー,5,皮膚炎,通院,WEB請求,17000,11900,スマートフォンで手軽に請求できましたが明細の項目入力が少し細かくて迷いました
CLM-2026-078,2026-03-22,あんしんプラン 50%,猫,ラグドール,0,下痢,通院,窓口精算,13800,6900,窓口精算対応の動物病院が近所にあって本当に便利でした。対応病院がさらに増えると嬉しいです
CLM-2026-079,2026-02-20,あんしんプラン 50%,犬,ミニチュア・ダックスフンド,9,椎間板ヘルニア,入院,窓口精算,90000,45000,窓口精算がとてもスムーズでペットの体調が悪い時に余計な手続きがなく助かりました
CLM-2026-080,2026-02-27,あんしんプラン 70%,犬,シー・ズー,6,異物誤飲,手術,窓口精算,320700,224490,窓口で保険証を見せるだけで完了し後日の請求手続きが不要でとても楽でした
CLM-2026-081,2026-01-01,あんしんプラン 50%,猫,スコティッシュ・フォールド,0,下痢,通院,窓口精算,11400,5700,窓口精算がとてもスムーズでペットの体調が悪い時に余計な手続きがなく助かりました
CLM-2026-082,2026-02-07,あんしんプラン キュート,フェレット,マーシャルフェレット,4,腫瘍,手術,窓口精算,232000,162400,窓口精算対応の動物病院が近所にあって本当に便利でした。対応病院がさらに増えると嬉しいです
CLM-2026-083,2026-03-27,あんしんプラン 50%,猫,ベンガル,5,尿石症,通院,WEB請求,12700,6350,WEBから数分で請求完了しました。病院名や傷病名のオートコンプリートがあると入力が楽になります
CLM-2026-084,2026-01-19,あんしんプラン 50%,猫,ラグドール,0,下痢,通院,窓口精算,6600,3300,病院の窓口で保険証を提示するだけで自己負担分のみの精算となり非常にスムーズでした
CLM-2026-085,2026-03-24,あんしんプラン 50%,犬,マルチーズ,8,皮膚炎,通院,窓口精算,17300,8650,診察後に保険証を出すだけで清算完了しペットを待たせる時間が減ってありがたいです
CLM-2026-086,2026-03-03,あんしんプラン 50%,猫,ラグドール,0,下痢,通院,WEB請求,17500,8750,スマートフォンで手軽に請求できましたが明細の項目入力が少し細かくて迷いました
CLM-2026-087,2026-02-22,あんしんプラン 50%,犬,マルチーズ,5,下痢,入院,窓口精算,58500,29250,窓口精算対応の動物病院が近所にあって本当に便利でした。対応病院がさらに増えると嬉しいです
CLM-2026-088,2026-01-18,あんしんプラン 50%,犬,チワワ,2,下痢,通院,窓口精算,18500,9250,かかりつけ医が窓口精算対応だったので会計の待ち時間も短縮されて大満足です
CLM-2026-089,2026-03-28,あんしんプラン 70%,犬,混血犬(体重10kg未満),3,皮膚炎,通院,郵送請求,10400,7280,書類の記入項目が多くて少し戸惑いました。もう少し簡素化されると助かります
CLM-2026-090,2026-01-15,あんしんプラン 70%,猫,ラグドール,5,異物誤飲,手術,窓口精算,295700,206990,窓口精算のおかげで高額な医療費でも手元の現金を気にせず受診できました
CLM-2026-091,2026-03-28,あんしんプラン 70%,猫,スコティッシュ・フォールド,12,腎臓病,通院,窓口精算,18100,12670,いつも窓口精算を利用しています。対応動物病院が全国もっと増えるとさらに便利になります
CLM-2026-092,2026-01-26,あんしんプラン 50%,犬,柴犬,3,かゆみ,通院,WEB請求,8400,4200,WEB請求フォームが使いやすかったです。専門的な病名の検索機能がもっと使いやすいと助かります
CLM-2026-093,2026-03-22,あんしんプラン 50%,猫,ラグドール,2,下痢,通院,WEB請求,15000,7500,夜間でもスマホからWEB申請できて助かりました。補償対象かどうかの事前シミュレーションが欲しいです
CLM-2026-094,2026-03-20,あんしんプラン 70%,猫,ラグドール,7,下痢,入院,窓口精算,55500,38850,高額な手術や入院でも窓口精算で自己負担分だけで済んだので心理的負担が軽くなりました
CLM-2026-095,2026-03-18,あんしんプラン 70%,猫,ベンガル,0,下痢,通院,窓口精算,8600,6020,高額な手術や入院でも窓口精算で自己負担分だけで済んだので心理的負担が軽くなりました
CLM-2026-096,2026-01-26,あんしんプラン 70%,猫,ベンガル,1,下痢,通院,WEB請求,5800,4060,領収書のアップロードが手軽で助かります。対象外項目の注記がもっと分かりやすいと親切です
CLM-2026-097,2026-02-26,あんしんプラン 70%,猫,ノルウェージャン・フォレスト・キャット,6,膀胱炎,入院,WEB請求,54200,37940,WEB請求フォームが使いやすかったです。専門的な病名の検索機能がもっと使いやすいと助かります
CLM-2026-098,2026-02-18,あんしんプラン 50%,犬,フレンチ・ブルドッグ,13,腫瘍,通院,窓口精算,8200,4100,高額な手術や入院でも窓口精算で自己負担分だけで済んだので心理的負担が軽くなりました
CLM-2026-099,2026-02-06,あんしんプラン 70%,犬,混血犬(体重10kg未満),7,腫瘍,手術,WEB請求,196000,137200,WEB請求で申請から着金までが早く助かりました。対象外項目の事前確認がもっと簡単だと嬉しいです
CLM-2026-100,2026-03-05,あんしんプラン 50%,犬,混血犬(体重10kg未満),5,歯周病,手術,窓口精算,343600,171800,急な受診でしたが窓口精算が使えて現金の持ち合わせが少なくても安心できました
